Running Variant Hexcode List,,,Parsed Hexcode List,,,
,,,,,,
variant,color,,variant,color,,Missing in parsed hexcode list
Ancestral,#333333,,0.016186099,#76b7b2,,Incorrect hexcode in parsed list vs running hexcode list
B.1.1.529,#FFBE7D,,0.063228391,#59a14f,,variant is duplicated in parsed hexcode list with one duplicate having the correct hexcode
B.1.1.7,#8DD3C7,,0.148816903,#f28e2b,,
B.1.351,#FFFFB3,,0.771768606,#e15759,,
B.1.427,#BEBADA,,AY.1,#a13703,,
B.1.429,#BEBADA,,AY.100,#79706e,,
B.1.525,#FB8072,,AY.100,#e15759,,
B.1.526,#B3DE69,,AY.103,#253494,,
B.1.617.1,#FCCDE5,,AY.103,#b6992d,,
B.1.617.2,#B39DDB,,AY.113,#bab0ac,,
B.1.621,#BC80BD,,AY.113,#ff9d9a,,
B.1.621.1,#BC80BD,,AY.117,#fabfd2,,
BA.1 ,#E96127,,AY.117,#ffbe7d,,
BA.1.1,#FF824C,,AY.118,#79706e,,
BA.1.1.529,#E26028,,AY.118,#d7b5a6,,
BA.2,#9CCD67,,AY.119,#b6992d,,
BA.2.12.1,#7CB342,,AY.119,#bab0ac,,
BA.2.75,#D4E157,,AY.122,#499894,,
BA.2.75.2,#C0CA33,,AY.122,#9d7660,,
BA.2.86,#D770EE,,AY.2,#c14f22,,
BA.3,#E26028,,AY.20,#d37295,,
BA.4,#FFD54F,,AY.20,#ff9d9a,,
BA.4.6,#FFB300,,AY.25,#59a14f,,
BA.5,#80CBC4,,AY.25,#c7e9b4,,
BA.5.2.6,#009688,,AY.26,#8cd17d,,
BF.11,#29b6F6,,AY.26,#f1ce63,,
BF.7,#81D4FA,,AY.3,#2c7fb8,,
BN.1,#9E9D24,,AY.3,#86bcb6,,
BQ.1,#006064,,AY.3.1,#fabfd2,,
BQ.1.1,#00838F,,AY.3.1,#ffbe7d,,
CH.1.1,#827717,,AY.39,#7fcdbb,,
EG.5,#FFBE7D  ,,AY.39,#b07aa1,,
EG.5.1.8,#E14D6F,,AY.4,#59a14f,,
EG.6.1,#B9ABA8,,AY.43,#b07aa1,,
EU.1.1,#F25353,,AY.44,#41b6c4,,
FD.1.1,#E7CB40,,AY.44,#a0cbe8,,
FD.2,#8C9EFF,,AY.47,#d4a6c8,,
FE.1.1,#499894,,AY.47,#e15759,,
FL.1.5.1,#8CD17D,,AY.75,#499894,,
GE.1,#FABFD2,,AY.75,#f1ce63,,
GK.1.1,#90FAE5,,B,#76b7b2,,
GK.2,#9D8577,,B,#76b7b2,,
HF.1,#D399AD,,B.1.1.529,#e26028,,
HK.3,#859DBC,,B.1.617.2,#b39ddb,,
HV.1,#797765,,B.1.617.2,#f28e2b,,
JD.1.1,#80F192,,BA.1.1,#ff824c,,
JF.1,#FFF1A9,,BA.2,#9ccc65,,
JG.3,#66A172,,BA.2,#e15759,,
JN.1,#61018F,,BA.2 Aggregated,#edc948,,
JN.1.11.1,#5C9CF1,,BA.2.12.1,#7cb342,,
JN.1.13,#E83C78,,BA.2.12.1,#edc948,,
JN.1.13.1,#F2591C,,BA.2.75,#d4e157,,
JN.1.16,#BC3A88,,BA.2.75.2,#c0ca33,,
JN.1.16.1,#366298,,BA.2.86,#d771f1,,
JN.1.18,#4AF32F,,BA.4,#59a14f,,
JN.1.18.6,#D16F2C,,BA.4,#ffd54f,,
JN.1.32,#2E7919,,BA.4 Aggregated,#9c755f,,
JN.1.4.3,#9D1010,,BA.4.6,#ffb300,,
JN.1.7,#CF15E8,,BA.5,#76b7b2,,
JN.1.8.1,#FFB027,,BA.5,#80cbc4,,
KP.1.1,#CBFF86,,BA.5 Aggregated,#f28e2b,,
KP.1.1.3,#1EB3B6,,BA.5.2.6,#009688,,
KP.1.2,#D7B5A6,,BF.11,#29b6f6,,
KP.2,#5875A1,,BF.7,#81d4fa,,
KP.2.15,#175DFF,,BF.7,#a0cbe8,,
KP.2.3,#628DE8,,BN.1,#9e9d24,,
KP.3,#B06589,,BQ.1,#006064,,
KP.3.1.1,#2F92A1,,BQ.1,#ffbe7d,,
KP.4.1,#FF473A,,BQ.1.1,#00838f,,
KQ.1,#E86CDE,,BQ.1.1,#a0cbe8,,
KV.2,#E14365,,CH.1.1,#827717,,
KW.1.1,#34A0FF,,CH.1.1,#a0cbe8,,
LB.1 ,#795653,,EG.5,#ffbe7d,,
LB.1.3.1,#67B4BC,,EG.5.1.8,#e14d6f,,
LF.3.1,#D23F95,,EG.6.1,#b9aba8,,
LF.7,#3E8AA1,,EU.1.1,#f25353,,
LF.7.2.1,#837FFE,,FD.1.1,#e7cb40,,
LF.7.7.1,#3A54FF,,FD.2,#8c9eff,,
LF.7.7.2,#8686FF,,FE.1.1,#499894,,
LF.7.9,#604AA1,,FL.1.5.1,#8cd17d,,
LP.1,#9F5495,,GE.1,#fabfd2,,
LP.8.1,#FF860C,,GK.1.1,#90fae5,,
MC.1,#B6B614,,GK.2,#9d8577,,
MC.10.1,#0956D1,,HF.1,#d399ad,,
MC.19,#206CC0,,HK.3,#859dbc,,
MC.28.1,#277B9F,,HV.1,#797765,,
NB.1.8.1,#8E1299,,JD.1.1,#80f192,,
NW.1,#EC4F00,,JF.1,#fff1a9,,
Other,#FABFD2,,JG.3,#66a172,,
P.1,#FDB462,,JN.1,#660099,,
P.2,#FFED6F,,JN.1.11.1,#5c9cf1,,
PA.1,#4545FF,,JN.1.13,#e83c78,,
Recombinant,#FF0000,,JN.1.13.1,#f2591c,,
unreportable,#eeeeee,,JN.1.16,#bc3a88,,
XBB ,#9FA8DA,,JN.1.16.1,#366298,,
XBB.1.16,#4527A0,,JN.1.18,#4df230,,
XBB.1.16.1,#F89B9B,,JN.1.18.6,#e16b1d,,
XBB.1.16.11,#D37295,,JN.1.32,#2e7919,,
XBB.1.16.15,#E3B5FA,,JN.1.4.3,#9d1010,,
XBB.1.16.17,#8F8CB0,,JN.1.7,#cf15e8,,
XBB.1.16.6,#5AA350,,JN.1.8.1,#ffb027,,
XBB.1.42.2,#75D1A3,,KP.1.1,#cbff86,,
XBB.1.5,#3F51B5,,KP.1.1.3,#1eb3b6,,
XBB.1.5.1,#1A237E,,KP.1.2,#d7b5a6,,
XBB.1.5.10, #F97A57,,KP.2,#5875a1,,
XBB.1.5.59,#FFBE7D,,KP.2.15,#175dff,,
XBB.1.5.68,#86BCB6,,KP.2.3,#628de8,,
XBB.1.5.70,#46783C,,KP.3,#b06589,,
XBB.1.5.72,#254220,,KP.3.1.1,#2f92a1,,
XBB.1.9.1,#304FFE,,KP.4.1,#ff473a,,
XBB.1.9.2,#536DFE,,KQ.1,#e86cde,,
XBB.2.3,#F7BCDF,,KS.1,#b771bc,,
XBB.2.3.8,#B9B2E8,,KV.2,#e14365,,
XDP,#B60052,,KW.1.1,#34a0ff,,
XDV.1,#D367B6,,LB.1,#795653,,
XEC,#4CA14C,,LB.1.3.1,#67b4bc,,
XEC.4,#06BC61,,LF.3.1,#d73e95,,
XEK,#B6992D,,LF.7,#3e8aa1,,
XEQ,#7660F1,,LF.7.2.1,#8480ff,,
XFC,#B66920,,LF.7.7.1,#3a54ff,,
XFG,#4e6ea1,,LF.7.7.2,#8686ff,,
,,,LF.7.9,#604aa1,,
,,,LP.1,#a74f9b,,
,,,LP.8.1,#ff860c,,
,,,MC.1,#b6b614,,
,,,MC.10.1,#0956d1,,
,,,MC.19,#206cbc,,
,,,MC.28.1,#287ba1,,
,,,NA,#a0cbe8,,
,,,NB.1.8.1,#8e1299,,
,,,NW.1,#ec4f00,,
,,,Other,#797979,,
,,,Other,#797979,,
,,,Other,#fabfd2,,
,,,PA.1,#4545ff,,
,,,S146K_XBB.1.5,#d7b5a6,,
,,,VBM,#b39ddb,,
,,,XBB,#9fa8da,,
,,,XBB,#f97a57,,
,,,XBB.1.16,#4527a0,,
,,,XBB.1.16.1,#f89b9b,,
,,,XBB.1.16.11,#d37295,,
,,,XBB.1.16.15,#e3b5fa,,
,,,XBB.1.16.17,#8f8cb0,,
,,,XBB.1.16.6,#59a14f,,
,,,XBB.1.42.1,#75d1a3,,
,,,XBB.1.42.2,#75d1a3,,
,,,XBB.1.5,#3f51b5,,
,,,XBB.1.5,#a0cbe8,,
,,,XBB.1.5.1,#1a237e,,
,,,XBB.1.5.10,#f97a57,,
,,,XBB.1.5.59,#ffbe7d,,
,,,XBB.1.5.68,#86bcb6,,
,,,XBB.1.5.70,#46783c,,
,,,XBB.1.5.72,#254220,,
,,,XBB.1.5.77,#254220,,
,,,XBB.1.9.1,#304ffe,,
,,,XBB.1.9.2,#536dfe,,
,,,XBB.2.3,#f7bcdf,,
,,,XBB.2.3.8,#b9b2e8,,
,,,XDP,#b60052,,
,,,XDV.1,#d367b6,,
,,,XEC,#4ca14c,,
,,,XEC.4,#06bc61,,
,,,XEK,#b6992d,,
,,,XEQ,#7660f1,,
,,,XFC,#b66920,,
,,,XFG,#4e6ea1,,
