Lineage,redesignation,status,Description
A.2.1,unreportable,withdrawn,Withdrawn: Lineage with sequences predominantly from Panama
A.8,A.9,withdrawn,Withdrawn: Indian lineage merged with A.9
A.10,A.5,withdrawn,Withdrawn: Spanish lineage reassigned to A.5
A.13,unreportable,withdrawn,Withdrawn: Cote d'Ivoire lineage
A.14,unreportable,withdrawn,Withdrawn: Cote d'Ivoire lineage
A.20,unreportable,withdrawn,Withdrawn: UAE lineage
B.1.1.2,unreportable,withdrawn,Withdrawn: UK and Australia
B.1.1.6,unreportable,withdrawn,Withdrawn: USA (TX)
B.1.1.20,unreportable,withdrawn,Withdrawn: UK lineage
B.1.1.32,unreportable,withdrawn,Withdrawn: Indian lineage
B.1.1.35,unreportable,withdrawn,Withdrawn: UK lineage
B.1.1.36,unreportable,withdrawn,Withdrawn: USA
B.1.1.60,unreportable,withdrawn,Withdrawn: Northern Ireland lineage
B.1.1.64,unreportable,withdrawn,Withdrawn: UK lineage
B.1.1.65,unreportable,withdrawn,Withdrawn: USA lineage
B.1.1.66,unreportable,withdrawn,Withdrawn: South African lineage
B.1.1.73,unreportable,withdrawn,Withdrawn: Reassigned lineage
B.1.1.76,unreportable,withdrawn,Withdrawn: USA lineage
B.1.1.78,unreportable,withdrawn,Withdrawn: Russian lineage
B.1.1.79,unreportable,withdrawn,Withdrawn: Russian lineage
B.1.1.80,unreportable,withdrawn,Withdrawn: Bangladesh lineage
B.1.1.81,unreportable,withdrawn,Withdrawn: Northern Ireland lineage
B.1.1.85,unreportable,withdrawn,Withdrawn: USA lineage
B.1.1.94,unreportable,withdrawn,Withdrawn: Brazil lineage
B.1.1.96,unreportable,withdrawn,Withdrawn: Saudi Arabia/ Russia lineage
B.1.1.102,unreportable,withdrawn,Withdrawn: Latvian lineage
B.1.1.103,unreportable,withdrawn,Withdrawn: Bangladesh lineage
B.1.1.104,unreportable,withdrawn,Withdrawn: Netherlands/ Europe lineage
B.1.1.105,unreportable,withdrawn,Withdrawn: Turkish lineage
B.1.1.106,unreportable,withdrawn,Withdrawn: UK lineage
B.1.1.108,unreportable,withdrawn,Withdrawn: UK lineage
B.1.1.124,unreportable,withdrawn,Withdrawn: UK/ Switzerland lineage
B.1.1.126,unreportable,withdrawn,Withdrawn: USA lineage
B.1.1.131,unreportable,withdrawn,Withdrawn: UK lineage
B.1.1.140,unreportable,withdrawn,Withdrawn: Russian lineage
B.1.1.143,B.1.1.28,merged,"Withdrawn: Brazilian lineage, merged into lineage B.1.1.28"
B.1.1.146,unreportable,withdrawn,Withdrawn: UK lineage
B.1.1.150,unreportable,withdrawn,Withdrawn: UK lineage
B.1.1.151,unreportable,withdrawn,Withdrawn: UK lineage
B.1.1.156,unreportable,withdrawn,Withdrawn: South African lineage
B.1.1.167,unreportable,withdrawn,Withdrawn: Denmark/ E European lineage
B.1.1.173,unreportable,withdrawn,Withdrawn: UK lineage
B.1.1.179,unreportable,withdrawn,Withdrawn: Indian (split from B.1.1.32)
B.1.1.183,unreportable,withdrawn,Withdrawn: South Korea
B.1.1.195,unreportable,withdrawn,Withdrawn: UK lineage
B.1.1.199,unreportable,withdrawn,Withdrawn: UK (split from B.1.1.64)
B.1.1.206,unreportable,withdrawn,Withdrawn: South Africa (mostly from B.1.1.54)
B.1.1.211,unreportable,withdrawn,"Withdrawn: French, swiss, UK, Belgian"
B.1.1.212,unreportable,withdrawn,Withdrawn: Indian (split from B.1.1.32)
B.1.1.215,unreportable,withdrawn,Withdrawn: England with a spanish base
B.1.1.223,unreportable,withdrawn,"Withdrawn: USA, NZ, England, one Russia"
B.1.1.233,unreportable,withdrawn,Withdrawn: USA (WA)
B.1.1.235,B.1.1.115,merged,Withdrawn: merged with B.1.1.115
B.1.1.238,unreportable,withdrawn,Withdrawn: UK and New Zealand (split from B.1.1.7)
B.1.1.245,unreportable,withdrawn,"Withdrawn: Northern Ireland lineage, previously B.1.1.60 (split)"
B.1.1.246,unreportable,withdrawn,Withdrawn: Russia
B.1.1.247,unreportable,withdrawn,"Withdrawn: Northern Europe (UK, NL, Switzerland) and Northern Africa (Egypt and Morocco), Gambia (some B.1.1.55)"
B.1.1.248,B.1.1.28,merged,Withdrawn: Brazilian lineage reassigned B.1.1.28
B.1.1.250,unreportable,withdrawn,Withdrawn: UK lineage
B.1.1.252,unreportable,withdrawn,Withdrawn: South Africa (formerly B.1.1.66)
B.1.1.259,unreportable,withdrawn,Withdrawn: UK (split from B.1.1.64)
B.1.1.260,unreportable,withdrawn,Withdrawn: UK (split from B.1.1.64)
B.1.1.264,unreportable,withdrawn,"Withdrawn: Wales lineage, previously part of B.1.1.30"
B.1.1.276,unreportable,withdrawn,"Withdrawn: Previously part of B.1.1.55, USA lineage"
B.1.1.278,unreportable,withdrawn,Withdrawn: UK lineage
B.1.1.281,unreportable,withdrawn,"Withdrawn: Indian lineage, previously part of B.1.1.32"
B.1.1.287,unreportable,withdrawn,Withdrawn: USA lineage
B.1.1.292,unreportable,withdrawn,Withdrawn: UK lineage
B.1.1.293,unreportable,withdrawn,Withdrawn: Gambian lineage
B.1.1.295,unreportable,withdrawn,Withdrawn: UK/Australia lineage
B.1.1.313,unreportable,withdrawn,Withdrawn: English lineage
B.1.1.314,unreportable,withdrawn,"Withdrawn: Brazilian lineage, previously part of B.1.1.33"
B.1.1.439,B.1.1.29,merged,"Withdrawn: Wales lineage, reassigned to B.1.1.29"
B.1.1.527,C.38,redesignated,"Withdrawn: Lineage in multiple countries, reassigned to C.38, from #150"
BA.1.11,unreportable,withdrawn,Withdrawn: Does not have a reliable defining mutation
BA.2.3.3,unreportable,withdrawn,"Withdrawn: Does not have a reliable defining mutation, from #524"
BA.2.36.1,BA.2.82,redesignated,Withdrawn: Redesignated as BA.2.82
BA.2.84,BA.2.31.1,redesignated,Withdrawn: Redesignated as BA.2.31.1
BA.5.1.13,unreportable,withdrawn,"Withdrawn: Defined solely by Artic v3 artefacts, from #1029"
BF.7.25,unreportable,withdrawn,"Withdrawn: Invisible to pangolin as positions C29708T is part of masked regions 1-255 and 29674-29903. Alias of B.1.1.529.5.2.1.7.25, C29708T"
BA.5.2.15,CF.1,redesignated,"Withdrawn: Redesignated as CF.1, being a child of BA.5.2.27, B.1.1.529.5.2.15, found in USA and Mexico, from #1054"
BA.5.2.17,BV.1,redesignated,"Withdrawn: Redesignated as BV.1, being a child of BA.5.2.20"
BQ.1.1.33,unreportable,withdrawn,"Withdrawn: Alias of B.1.1.529.5.3.1.1.1.1.1.1.33, USA lineage, child of BQ.1.1.3"
BA.5.4,unreportable,withdrawn,"Withdrawn: England, Denmark, Spain and Scotland. Sublineage of BA.5.2.1 (with G11837T (ORF1a:V3858L) (nsp6:V289L)), from #618"
B.1.3.1,unreportable,withdrawn,Withdrawn: South Korean lineage
B.1.3.2,unreportable,withdrawn,Withdrawn: Argentinian lineage
B.1.3.3,unreportable,withdrawn,Withdrawn: Israel lineage
B.1.3.4,unreportable,withdrawn,Withdrawn: Israel/ UK lineage
B.1.5,B.1,redesignated,"Withdrawn: Reassigned to B.1 and additional sublineages as this lineage has lost monophyletic status and split into multiple parts of the B.1 tree. Previously had a Spanish base, European lineage/ lots of Spanish sequences towards the basal end of the subtree and exports around the globe."
B.1.5.2,B.1.190,merged,"Withdrawn: Reassigned B.1.190, Netherlands lineage"
B.1.5.5,B.1.225,redesignated,Withdrawn: Reassigned B.1.225
B.1.5.6,B.1.223,redesignated,Withdrawn: UK lineage reassigned B.1.223
B.1.5.11,B.1.189,redesignated,"Withdrawn: Reassigned B.1.189, USA/ Mexico lineage"
B.1.5.12,B.1.416,redesignated,"Withdrawn: Reassigned to B.1.416, Senegal/ Gambia lineage"
B.1.5.13,B.1.180,redesignated,"Withdrawn: Reassigned B.1.180, Romanian lineage"
B.1.5.15,B.1.185,redesignated,"Withdrawn: Reassigned B.1.185, USA lineage"
B.1.5.17,B.1.181,redesignated,"Withdrawn: Reassigned B.1.181, USA lineage"
B.1.5.16,B.1.237,redesignated,"Withdrawn: South African lineage, reassigned to B.1.237"
B.1.5.18,B.1.256,redesignated,Withdrawn: Reassigned B.1.256
B.1.5.19,B.1.381,redesignated,Withdrawn: South African lineage reassigned to B.1.381
B.1.5.21,B.1.418,redesignated,"Withdrawn: Reassigned B.1.418, Scottish lineage"
B.1.5.25,B.1.229,redesignated,Withdrawn: Reassigned B.1.229
B.1.5.26,B.1.232,redesignated,Withdrawn: Reassigned B.1.232
B.1.5.27,B.1.243,redesignated,"Withdrawn: USA lineage (CA), reassigned to B.1.243"
B.1.5.28,B.1.321,redesignated,Withdrawn: Reassigned B.1.231
B.1.5.29,B.1.415,redesignated,Withdrawn: USA lineage (WI/ IL) reassigned to B.1.415
B.1.5.30,unreportable,withdrawn,Withdrawn: UK lineage
B.1.5.31,B.1.417,merged,"Withdrawn: South African lineage, reassigned B.1.417"
B.1.5.32,B.1.420,redesignated,"Withdrawn: Colombian lineage, reassigned B.1.420"
B.1.5.33,B.1,redesignated,"Withdrawn: Split up in current tree, reassigned to B.1. UK lineage"
B.1.5.34,B.1.222,redesignated,"Withdrawn: Reassigned to B.1.222, reassigned Scottish lineage"
B.1.5.35,B.1,redesignated,"Withdrawn: Indian lineage reassigned B.1, lacks any structure in current tree"
B.1.5.36,B.1.136,redesignated,Withdrawn: Indian lineage reassigned to B.1.136
B.1.8.2,unreportable,withdrawn,Withdrawn: Reassigned in the current tree. USA lineage (CA)
B.1.9.6,unreportable,withdrawn,"Withdrawn: North Macedonia, Switzerland"
B.1.11,B.1,redesignated,"Withdrawn: UK lineage, reassigned B.1- broken up in current tree"
B.1.19,B.1,redesignated,"Withdrawn: USA lineage (WI), reassigned B.1- broken up in current tree"
B.1.21,B.1.371,redesignated,"Withdrawn: Split up Washington (USA), reassigned mostly to B.1.371"
B.1.25,unreportable,withdrawn,Withdrawn: Australian lineage
B.1.26,unreportable,withdrawn,Withdrawn: USA/Gambia lineage
B.1.34,B.1,redesignated,"Withdrawn: English lineage, reassigned B.1"
B.1.36.3,unreportable,withdrawn,Withdrawn: Danish lineage
B.1.36.4,unreportable,withdrawn,Withdrawn: Netherlands lineage
B.1.36.5,B.1.36,redesignated,"Withdrawn: Saudi Arabia lineage, reassigned to parent lineage B.1.36"
B.1.36.6,unreportable,withdrawn,Withdrawn: Norway lineage
B.1.36.11,unreportable,withdrawn,Withdrawn: Netherlands lineage
B.1.36.13,unreportable,withdrawn,Withdrawn: Irish lineage
B.1.36.14,unreportable,withdrawn,Withdrawn: Danish lineage
B.1.36.15,unreportable,withdrawn,Withdrawn: Saudi Arabia lineage
B.1.74,unreportable,withdrawn,Withdrawn: Spanish lineage
B.1.75,unreportable,withdrawn,Withdrawn: Reassigned in the current tree. English lineage
B.1.79,B.1.5,merged,"Withdrawn: UK lineage, some now reassigned to B.1.5"
B.1.80,unreportable,withdrawn,Withdrawn: Reassigned in the current tree. Indian lineage
B.1.82,unreportable,withdrawn,Withdrawn: Reassigned in the current tree. UK lineage
B.1.88,unreportable,withdrawn,Withdrawn: Scottish lineage
B.1.89,unreportable,withdrawn,Withdrawn: Reassigned in the current tree. UK lineage
B.1.90,unreportable,withdrawn,Withdrawn: Reassigned in the current tree. Scottish lineage
B.1.95,unreportable,withdrawn,Withdrawn: Indian lineage
B.1.98,unreportable,withdrawn,Withdrawn: UK lineage
B.1.102,unreportable,withdrawn,Withdrawn: Reassigned in the current tree. Iceland lineage
B.1.107,unreportable,withdrawn,"Withdrawn: Reassigned in the current tree. Danish lineage, with USA and UK sequences"
B.1.109,unreportable,withdrawn,Withdrawn: Luxembourg lineage
B.1.114,unreportable,withdrawn,Withdrawn: Reassigned in the current tree. Canadian lineage
B.1.133,unreportable,withdrawn,Withdrawn: Reassigned in the current tree. USA lineage (WA)
B.1.135,unreportable,withdrawn,Withdrawn: Reassigned in the current tree. Small Portuguese lineage
B.1.136,B.1,redesignated,"Withdrawn: Reassigned in the current tree. Indian lineage, split up and reassigned to B.1"
B.1.138,unreportable,withdrawn,Withdrawn: Reassigned in the current tree. Small Australian lineage
B.1.141,unreportable,withdrawn,"Withdrawn: Reassigned in the current tree. Scottish lineage, first wave of N439K"
B.1.144,unreportable,withdrawn,Withdrawn: South African lineage
B.1.150,unreportable,withdrawn,Withdrawn: Reassigned lineage
B.1.152,unreportable,withdrawn,Withdrawn: English lineage
B.1.154,unreportable,withdrawn,Withdrawn: Reassigned in the current tree. USA lineage
B.1.156,unreportable,withdrawn,Withdrawn: Reassigned in the current tree. Scottish lineage
B.1.160.1,B.1.523,redesignated,Withdrawn: Reassigned B.1.523 English lineage
B.1.160.2,B.1.523,redesignated,Withdrawn: Reassigned B.1.523 English lineage
B.1.160.3,B.1.470,redesignated,Withdrawn: Indonesian lineage (now B.1.470)
B.1.160.4,B.1.471,redesignated,Withdrawn: English lineage (now B.1.471)
B.1.160.5,unreportable,withdrawn,Withdrawn: Danish lineage
B.1.160.6,B.1.160,redesignated,"Withdrawn: Danish lineage, reassigned B.1.160 lack of resolution in current tree"
B.1.177.1,unreportable,withdrawn,Withdrawn: Denmark
B.1.177.13,B.1.177.17,merged,Withdrawn: now part of B.1.177.17
B.1.177.22,unreportable,withdrawn,Withdrawn: UK lineage
B.1.177.79,B.1.177.60,merged,Withdrawn: Latvian lineage. Did not have a defining mutation within the coding region. Therefore merged into B.1.177.60
B.1.183,unreportable,withdrawn,Withdrawn: Reassigned in the current tree. Canadian lineage
B.1.185,unreportable,withdrawn,Withdrawn: Reassigned in the current tree. USA lineage (previously B.1.5.15)
B.1.186,B.1.260,merged,Withdrawn: Saudi-arabian/ Indian lineage (now B.1.260)
B.1.191,B.1.5.21,redesignated,"Withdrawn: Reassigned in the current tree. Previously B.1.5.21, Scottish lineage"
B.1.193,unreportable,withdrawn,Withdrawn: Reassigned in the current tree. USA lineage
B.1.196,unreportable,withdrawn,Withdrawn: USA lineage
B.1.197,unreportable,withdrawn,Withdrawn: Australian/ New Zealand lineage
B.1.200,unreportable,withdrawn,"Withdrawn: Reassigned in the current tree. Previously part of B.1.98, reassigned UK lineage"
B.1.202,unreportable,withdrawn,Withdrawn: Reassigned in the current tree. USA lineage
B.1.204,unreportable,withdrawn,Withdrawn: Reassigned in the current tree. USA lineage
B.1.207,unreportable,withdrawn,Withdrawn: USA lineage (TX)
B.1.209,unreportable,withdrawn,Withdrawn: Small Scottish lineage
B.1.216,unreportable,withdrawn,Withdrawn: USA lineage
B.1.217,unreportable,withdrawn,"Withdrawn: Reassigned in the current tree. Indian lineage Reassigned from B.1.80, split this assignment"
B.1.226,unreportable,withdrawn,Withdrawn: Reassigned in the current tree. Equatorial Guinea lineage
B.1.228,unreportable,withdrawn,"Withdrawn: Reassigned in the current tree. USA lineage, reassigned from B.1.5.27 split"
B.1.230,unreportable,withdrawn,"Withdrawn: Reassigned in the current tree. USA lineage, reassigned from B.1.5.27 split"
B.1.244,unreportable,withdrawn,Withdrawn: Reassigned in the current tree. Saudi Arabian lineage that previously was part of B.1.160
B.1.246,unreportable,withdrawn,"Withdrawn: Reassigned in the current tree. Saudi Arabian lineage, previously some assigned B.1.160"
B.1.253,unreportable,withdrawn,Withdrawn: Reassigned in the current tree. UK lineage
B.1.255,unreportable,withdrawn,"Withdrawn: North American lineage, with other global diversity (Now all over tree)"
B.1.257,unreportable,withdrawn,Withdrawn: Reassigned in the current tree. UK lineage
B.1.258.1,unreportable,withdrawn,Withdrawn: French lineage
B.1.258.8,unreportable,withdrawn,Withdrawn: Danish lineage
B.1.258.13,unreportable,withdrawn,Withdrawn: Reassigned in the current tree. Danish lineage
B.1.259,B.1.260,merged,Withdrawn: Saudi Arabia/ India lineage (now in B.1.260)
B.1.261,B.1.260,merged,Withdrawn: Saudi Arabian lineage (now in B.1.260)
B.1.262,unreportable,withdrawn,Withdrawn: Reassigned in the current tree. Danish lineage
B.1.266,unreportable,withdrawn,Withdrawn: Reassigned in the current tree. Austrian lineage
B.1.269,unreportable,withdrawn,Withdrawn: Reassigned in the current tree. Slovenian lineage
B.1.271,unreportable,withdrawn,Withdrawn: Reassigned in the current tree. USA lineage
B.1.272,unreportable,withdrawn,Withdrawn: Reassigned in the current tree. France/ Australian lineage
B.1.275,unreportable,withdrawn,Withdrawn: France lineage
B.1.278,unreportable,withdrawn,"Withdrawn: Reassigned in the current tree. UK/ Australia lineage, previously part of B.1.13"
B.1.283,unreportable,withdrawn,Withdrawn: USA lineage
B.1.286,unreportable,withdrawn,Withdrawn: Reassigned in the current tree. USA lineage
B.1.288,unreportable,withdrawn,Withdrawn: Reassigned in the current tree. Denmark lineage
B.1.290,unreportable,withdrawn,Withdrawn: Reassigned in the current tree. USA lineage
B.1.295,unreportable,withdrawn,Withdrawn: Reassigned in the current tree. Australian lineage
B.1.296,unreportable,withdrawn,Withdrawn: Reassigned in the current tree. USA/ Australian lineage
B.1.297,unreportable,withdrawn,Withdrawn: Reassigned in the current tree. USA lineage
B.1.297.1,unreportable,withdrawn,Withdrawn: Reassigned in the current tree. Canadian lineage
B.1.299,unreportable,withdrawn,Withdrawn: Reassigned in the current tree. USA lineage
B.1.300,unreportable,withdrawn,Withdrawn: Reassigned in the current tree. USA lineage
B.1.303,unreportable,withdrawn,Withdrawn: Reassigned in the current tree. USA lineage
B.1.307,unreportable,withdrawn,Withdrawn: Reassigned in the current tree. USA lineage
B.1.312,unreportable,withdrawn,Withdrawn: USA lineage
B.1.317,unreportable,withdrawn,Withdrawn: Reassigned in the current tree. USA lineage
B.1.322,B.1,redesignated,"Withdrawn: USA lineage, reassigned B.1"
B.1.327,unreportable,withdrawn,Withdrawn: Reassigned in the current tree. Danish lineage
B.1.331,unreportable,withdrawn,Withdrawn: USA lineage
B.1.333.1,unreportable,withdrawn,Withdrawn: USA lineage (WA) (all B.1.169)
B.1.339,unreportable,withdrawn,Withdrawn: Reassigned in the current tree. Irish lineage
B.1.345,unreportable,withdrawn,Withdrawn: Reassigned in the current tree. Canadian lineage
B.1.347,unreportable,withdrawn,"Withdrawn: Reassigned in the current tree. Canadian lineage, previously part of B.1.114 lineage"
B.1.351.4,unreportable,withdrawn,"Withdrawn: Potential contaminant lineage from mixture of B.1.351 and Delta, from #134. Sequences from Botswana, do not have E484K or N501Y but have L452R and T478K"
B.1.352,unreportable,withdrawn,Withdrawn: Reassigned in the current tree. USA lineage (CA)
B.1.353,unreportable,withdrawn,Withdrawn: Reassigned in the current tree. European lineage
B.1.364,unreportable,withdrawn,Withdrawn: Reassigned in the current tree. USA lineage
B.1.365,unreportable,withdrawn,Withdrawn: Reassigned in the current tree. USA lineage
B.1.368,unreportable,withdrawn,Withdrawn: Reassigned in the current tree. USA lineage
B.1.373,unreportable,withdrawn,Withdrawn: Reassigned in the current tree. Swedish lineage
B.1.374,unreportable,withdrawn,Withdrawn: Reassigned in the current tree. European lineage
B.1.374.1,unreportable,withdrawn,Withdrawn: Reassigned in the current tree. Bangladesh lineage
B.1.376,unreportable,withdrawn,Withdrawn: Wales lineage
B.1.386,unreportable,withdrawn,Withdrawn: Reassigned in the current tree. USA lineage
B.1.392,unreportable,withdrawn,Withdrawn: UK lineage
B.1.394,unreportable,withdrawn,Withdrawn: North Macedonian lineage
B.1.410,unreportable,withdrawn,Withdrawn: Reassigned in the current tree. Danish lineage
B.1.412,unreportable,withdrawn,Withdrawn: Russian lineage
B.1.414,unreportable,withdrawn,Withdrawn: Netherlands lineage
B.1.419,unreportable,withdrawn,Withdrawn: Iceland lineage
B.1.440,unreportable,withdrawn,"Withdrawn: USA lineage (All NM, one AZ)"
B.1.447,unreportable,withdrawn,Withdrawn: Saudi Arabian lineage
B.1.449,unreportable,withdrawn,Withdrawn: Saudi Arabia (mixture of B.1.260 and B.1.160)
B.1.454,unreportable,withdrawn,Withdrawn: India (was part of B.1.160)
B.1.455,unreportable,withdrawn,Withdrawn: Saudi Arabia (was part of B.1.247)
B.1.457,unreportable,withdrawn,"Withdrawn: UK, Norway, South Korea, Denmark (mostly B.1.160)"
B.1.457.1,unreportable,withdrawn,"Withdrawn: USA (MI) plus England (was B.1.247, B.1.160)"
B.1.461,unreportable,withdrawn,Withdrawn: India (from B.1.247)
B.1.464,unreportable,withdrawn,Withdrawn: India and Nepal
B.1.472,unreportable,withdrawn,Withdrawn: England and Denmark (was part of B.1.160)
B.1.477,B.1.275,merged,Withdrawn: England (all were B.1.275)
B.1.481,unreportable,withdrawn,"Withdrawn: DRC and Senegal base, into Switzerland"
B.1.484,unreportable,withdrawn,Withdrawn: France and USA (MI)
B.1.512,unreportable,withdrawn,"Withdrawn: UK, Australia, USA"
B.1.514,unreportable,withdrawn,Withdrawn: USA (TX) split from B.1.2
B.1.519,unreportable,withdrawn,"Withdrawn: England, split from B.1.117"
B.1.526.1,unreportable,withdrawn,Withdrawn: Issue 45. New York. Sublineage of B.1.526 (with spike mutations T95I and D253G) that appears to have several more unique mutations.
B.1.526.2,unreportable,withdrawn,Withdrawn: Issue 45. New York. Sublineage of B.1.526 (with spike mutations T95I and D253G) that appears to have several more unique mutations.
B.1.526.3,unreportable,withdrawn,Withdrawn: Issue 45. Belgium and Luxembourg lineage
BA.5.2.64,BA.5.12,redesignated,Withdrawn: Reassigned BA.5.12 Switzerland lineage
BB.1,B.1.621.2,redesignated,Withdrawn: Redesignated as B.1.621.2
AY.9.1,AY.9.2,merged,Withdrawn: Merged into AY.9.2 as these lineages likely form a single clade
AY.12,AY.122.1,redesignated,Withdrawn: Reassigned to AY.122.1
AY.39.4,AY.134,redesignated,"Withdrawn: Reassigned AY.134. Denmark lineage, from #406"
AY.75.1,AY.75,redesignated,Withdrawn: Did not have a defining mutation within the coding region so was merged into AY.75
AY.89,AY.4,merged,"Withdrawn: Merged into AY.4, from #398"
AY.96,unreportable,withdrawn,"Withdrawn: Based on discussion in, from #435"
AY.97,AY.5.5,redesignated,Withdrawn: Reassigned to AY.5.5
AY.115,AY.116,merged,Withdrawn: Merged into AY.116 as these lineages likely form a single clade
B.1.624,B.1.1.526,redesignated,"Withdrawn: India lineage, from #91. Redesignated as B.1.1.526"
B.1.628,XB,redesignated,"Withdrawn: Identified as a recombinant lineage and therefore renamed XB, from #189"
B.2.1,B.40,redesignated,Withdrawn: Reassigned to B.40
B.2.6,B.35,redesignated,Withdrawn: Reassigned to B.35
B.2.10,B.41,redesignated,Withdrawn: Reassigned to B.41
B.2.11,B.36,redesignated,Withdrawn: Reassigned to B.36
B.2.12,B.30,redesignated,Withdrawn: Reassigned to B.30
B.6.7,unreportable,withdrawn,Withdrawn: USA/Texas
B.14,unreportable,withdrawn,Withdrawn: USA lineage
B.48,B.23,merged,Withdrawn: Reassigned to B.23
B.54,unreportable,withdrawn,Withdrawn: Distributed amongst other lineages
B.59,unreportable,withdrawn,"Withdrawn: Originally Latvian & Ireland, no longer monophyletic"
C.15,unreportable,withdrawn,"Withdrawn: Alias of B.1.1.1.15, Denmark lineage"
E.1,B.1.416.1,redesignated,Withdrawn: Reassigned B.1.416.1. French lineage within the diversity of a Senegal/ Gambia lineage
F.1,unreportable,withdrawn,"Withdrawn: Alias of B.1.36.17.1, New Zealand lineage"
H.1,unreportable,withdrawn,"Withdrawn: Alias of B.1.1.67.1, South African lineage, split from B.1.1.10"
I.1,unreportable,withdrawn,"Withdrawn: Alias of B.1.1.217.1, Latvian lineage, split from B.1.1.25"
J.1,unreportable,withdrawn,"Withdrawn: Alias of B.1.1.250.1, Australian lineage"
HK.1.1,unreportable,withdrawn,"Withdrawn as smaller than thought (only 6 sequences have 257V and G22927T): Alias of XBB.1.9.2.5.1.1.1.1, S:L455F (G22927T), China (now considered as an HK.3+S:G257D branch being misplaced with HK.1+S:L455F)"
HK.10,unreportable,withdrawn,"Withdrawn unless lineage grows: Alias of XBB.1.9.2.5.1.1.10, S:L455F (G22927T), on C19983T branch, China (now considered as HK.3 with homoplastic C19983T)"
HK.3.11,EG.5.1.1,redesignated,"Withdrawn, as part of 14988C sublineage of EG.5.1.1, not HK.3: Alias of XBB.1.9.2.5.1.1.3.11, S:A475V, Finland/Denmark/Sweden"
JN.1.33,JN.1.39.3,redesignated,"Redesignated as JN.1.39.3, Alias of B.1.1.529.2.86.1.1.33, S:A67V, G2782T, C5512T, China from #2498"
KD.5,unreportable,withdrawn,"Withdrawn: Alias of XBC.1.3.1.5, S:L244F, Australia, indel artefact caused false S:L244F (#2405)"
KR.2,LT.1,redesignated,Redesignated as LT.1 (JN.1.1.3.1) due to lack of C9142T
KP.2.14.1,KP.2.14,redesignated,Redesignated as KP.2.14: there's no good evidence for KP.2.14 lacking S:T22N in any sequences. Hence make KP.2.14.1 -> KP.2.14 and require S:T22N
PC.2,LF.7.9,redesignated,"Redesignated as LF.7.9, S:L441R, S:H445P, Wales/Scotland, from sars-cov-2-variants/lineage-proposals#2395"
MC.34,unreportable,withdrawn,"Withdrawn: Alias of B.1.1.529.2.86.1.1.11.1.3.1.1.34, A29716T (29716 in UTR masked by pangolin)"
XFG.20,unreportable,withdrawn,Withdrawn: C10615T (didn't realize it was a dropout branch of XFG.3 when designating)
XFG.3.31.1,unreportable,withdrawn,Withdrawn: only one sequence had S:K554E